title,link
‘후원사 뒷돈 수수 혐의’ 프로야구 KIA 장정석·김종국 2심도 무죄,http://v.daum.net/v/20250529144946203
"프로야구 NC, 연고지 이전 가능성 시사…""진지하게 고민할 것""",http://v.daum.net/v/20250530144956110
"프로야구 2025 올스타전 베스트12 팬 투표, 6월 2일 시작",http://v.daum.net/v/20250530150300662
"이재명 ""팬 없이 프로야구 존재 못하듯, 주인 없는 정치 불가능""",http://v.daum.net/v/20250530083230199
추락하는 키움… 프로야구 최초 ‘시즌 100패’ 우려,http://v.daum.net/v/20250528030358102
"프로야구 청주 경기 '미배정' 회신..""150억 썼는데..""",http://v.daum.net/v/20250526170247962
'한화 2위' 프로야구 흥행 돌풍 이어지자... 굿즈 거래액도 1053% ↑,http://v.daum.net/v/20250530094643124
"프로야구 NC, 창원NC파크 재개장 앞두고 연고지 이전 가능성 언급",http://v.daum.net/v/20250530152459572
프로야구 미친 흥행…1000만 넘고 '1200만' 간다,http://v.daum.net/v/20250524080023905
뜨거워진 프로야구 신인왕 경쟁…중고 신인들도 가세,http://v.daum.net/v/20250527083019598
6월3일 프로야구 대전·창원 경기 오후 2시 시작…무슨 일?,http://v.daum.net/v/20250524164519924
프로야구 인기로 히트 친 '크보빵' 생산 중단,http://v.daum.net/v/20250529175606743
방심하면 미끌… 프로야구 중위권 전쟁 개봉박두,http://v.daum.net/v/20250526161905784
"""일단 운동을 잘해야 한다"" 천만관중 프로야구, '포스트 김연경' 대비한 V리그에 어떤 조언 남겼나",http://v.daum.net/v/20250530104519672
[부고] 이승호 씨(프로야구 키움 히어로즈 투수코치) 부친상,http://v.daum.net/v/20250529195440420
"프로야구 키움, 푸이그와 결별…알칸타라 영입",http://v.daum.net/v/20250519162128682
프로야구 1·2위 진검승부 ... 선두 LG가 한화 꺾고 기선제압,http://v.daum.net/v/20250527215726244
[프로야구] 중간 순위(29일),http://v.daum.net/v/20250529222254929
"""대전 프로야구 티켓 팝니다"" 상습사기범 구속 송치",http://v.daum.net/v/20250526174331931
"프로야구 LG 응원단, 타이완 프로야구 경기서 'K-응원' 전수",http://v.daum.net/v/20250519162700980
"해태 홈런볼, 프로야구 팬 위한 '2025 야구 이벤트' 진행",http://v.daum.net/v/20250526090340236
하루 16만명 신기록·역대 최소경기 400만 프로야구 '흥행 홈런',http://v.daum.net/v/20250520112554539
"""선동열도 포토카드로""··· 세븐일레븐 KBO 프로야구 카드 출시",http://v.daum.net/v/20250520091222945
"KBO-선수협회, 첫 간담회…프로야구 발전 협력 논의",http://v.daum.net/v/20250520145330951
"프로야구, 극장서 생생 플레이 볼~!",http://v.daum.net/v/20250528150344414
프로야구 경기 중 폭우로 관중 몰리면서 자칫 대형사고 날 뻔,http://v.daum.net/v/20250528221143463
"프로야구 인기에 편의점도 바빠졌다…CU, '망곰·두산' 컬래버 출시",http://v.daum.net/v/20250527145405039
"프로야구선수협, KT와 함께 유소년 야구클리닉 진행",http://v.daum.net/v/20250520152019338
"문체부, 프로야구 시설관리주체들과 안전 대책 간담회",http://v.daum.net/v/20250529110031026
[와글와글 플러스] 역대 최단 400만 관중‥프로야구 '흥행 홈런',http://v.daum.net/v/20250521073110922
